text,toxicity,severe_toxicity,obscene,threat,insult,identity_attack,sexual_explicit,model_predictions,model_toxicity,aggression_score,aggression_category
"This is so cool. It's like, 'would you want your mother to read this??' Really great idea, well done!",0.0,0.0,0.0,0.0,0.0,0.0,0.0,"{'toxic': 0.022374289110302925, 'insult': 0.0014172944938763976, 'obscene': 0.0005821507656946778, 'identity_hate': 0.0003711484605446458, 'threat': 0.00021448242478072643, 'severe_toxic': 0.00010371614916948602}",0.022374289110302925,0.022374289110302925,Low
"Thank you!! This would make my life a lot less anxiety-inducing. Keep it up, and don't let anyone get in your way!",0.0,0.0,0.0,0.0,0.0,0.0,0.0,"{'toxic': 0.003936603665351868, 'obscene': 0.00028880490572191775, 'insult': 0.0002741471107583493, 'threat': 0.00024008139735087752, 'identity_hate': 0.00020077030058018863, 'severe_toxic': 0.00010881645721383393}",0.003936603665351868,0.003936603665351868,Low
This is such an urgent design problem; kudos to you for taking it on. Very impressive!,0.0,0.0,0.0,0.0,0.0,0.0,0.0,"{'toxic': 0.0008505092700943351, 'obscene': 0.00018205716332886368, 'insult': 0.00017555647355038673, 'identity_hate': 0.0001325224293395877, 'threat': 0.00011387681297492236, 'severe_toxic': 0.00010663019929779693}",0.0008505092700943351,0.0008505092700943351,Low
Is this something I'll be able to install on my site? When will you be releasing it?,0.0,0.0,0.0,0.0,0.0,0.0,0.0,"{'toxic': 0.0007353292312473059, 'insult': 0.0001773057010723278, 'obscene': 0.00017156664398498833, 'identity_hate': 0.00013989555009175092, 'threat': 0.00012978010636288673, 'severe_toxic': 0.00011550468479981646}",0.0007353292312473059,0.0007353292312473059,Low
haha you guys are a bunch of losers.,0.89361703,0.021276595,0.0,0.0,0.87234044,0.021276595,0.0,"{'toxic': 0.9672257900238037, 'insult': 0.8844547271728516, 'obscene': 0.32731249928474426, 'identity_hate': 0.0162696223706007, 'severe_toxic': 0.011049377731978893, 'threat': 0.0008481814293190837}",0.9672257900238037,0.9672257900238037,High
ur a sh*tty comment.,0.6666667,0.04761905,0.63809526,0.0,0.33333334,0.0,0.00952381,"{'toxic': 0.908656120300293, 'insult': 0.5992827415466309, 'obscene': 0.5962468385696411, 'identity_hate': 0.011870100162923336, 'severe_toxic': 0.01029796339571476, 'threat': 0.0010404220083728433}",0.908656120300293,0.908656120300293,High
hahahahahahahahhha suck it.,0.45762712,0.050847456,0.30508474,0.0,0.2542373,0.0,0.22033899,"{'toxic': 0.9941908717155457, 'obscene': 0.9789199829101562, 'insult': 0.38859909772872925, 'severe_toxic': 0.15672127902507782, 'identity_hate': 0.004018731880933046, 'threat': 0.0032917854841798544}",0.9941908717155457,0.9941908717155457,High
FFFFUUUUUUUUUUUUUUU,0.0,0.0,0.0,0.0,0.0,0.0,0.0,"{'toxic': 0.6374644637107849, 'obscene': 0.053737249225378036, 'insult': 0.015267615206539631, 'threat': 0.004196452908217907, 'identity_hate': 0.0037168303970247507, 'severe_toxic': 0.002001124667003751}",0.6374644637107849,0.6374644637107849,Medium
The ranchers seem motivated by mostly by greed; no one should have the right to allow their animals destroy public land.,0.0,0.0,0.0,0.0,0.0,0.0,0.0,"{'toxic': 0.003383481176570058, 'insult': 0.00027164004859514534, 'identity_hate': 0.00026133080245926976, 'obscene': 0.00018872511282097548, 'threat': 0.00013881377526558936, 'severe_toxic': 9.626796236261725e-05}",0.003383481176570058,0.003383481176570058,Low
It was a great show. Not a combo I'd of expected to be good together but it was.,0.0,0.0,0.0,0.0,0.0,0.0,0.0,"{'toxic': 0.0007064216770231724, 'obscene': 0.00019567657727748156, 'insult': 0.00017479932284913957, 'identity_hate': 0.000132982328068465, 'severe_toxic': 0.00011596178956096992, 'threat': 0.00011041463585570455}",0.0007064216770231724,0.0007064216770231724,Low
"Wow, that sounds great.",0.0,0.0,0.0,0.0,0.0,0.0,0.0,"{'toxic': 0.0005618572467938066, 'obscene': 0.00020113242499064654, 'insult': 0.000182338961167261, 'identity_hate': 0.00014212916721589863, 'severe_toxic': 0.00013468919496517628, 'threat': 0.0001325278717558831}",0.0005618572467938066,0.0005618572467938066,Low
"This is a great story. Man. I wonder if the person who yelled ""shut the fuck up!"" at him ever heard it.",0.44,0.0,0.29333332,0.0,0.32,0.0,0.04,"{'toxic': 0.9648893475532532, 'obscene': 0.9187986850738525, 'insult': 0.13190019130706787, 'severe_toxic': 0.035449277609586716, 'identity_hate': 0.0025331887882202864, 'threat': 0.0022734063677489758}",0.9648893475532532,0.9648893475532532,High
This seems like a step in the right direction.,0.0,0.0,0.0,0.0,0.0,0.0,0.0,"{'toxic': 0.0006377760437317193, 'obscene': 0.00018979520245920867, 'insult': 0.00018133957928512245, 'identity_hate': 0.00014038356312084943, 'severe_toxic': 0.00012169402907602489, 'threat': 0.00011327055108267814}",0.0006377760437317193,0.0006377760437317193,Low
"It's ridiculous that these guys are being called ""protesters"". Being armed is a threat of violence, which makes them terrorists.",0.6,0.0,0.1,0.1,0.6,0.0,0.0,"{'toxic': 0.5877760648727417, 'identity_hate': 0.0633464828133583, 'insult': 0.030400732532143593, 'obscene': 0.017706317827105522, 'threat': 0.0032394840382039547, 'severe_toxic': 0.002139017218723893}",0.5877760648727417,0.5877760648727417,Medium
"This story gets more ridiculous by the hour! And, I love that people are sending these guys dildos in the mail now. But… if they really think there's a happy ending in this for any of them, I think they're even more deluded than all of the jokes about them assume.",0.5,0.0,0.0,0.0,0.3,0.0,0.0,"{'toxic': 0.4791661202907562, 'insult': 0.12600483000278473, 'obscene': 0.094044029712677, 'identity_hate': 0.009377004578709602, 'severe_toxic': 0.0018262566300109029, 'threat': 0.0010910783894360065}",0.4791661202907562,0.4791661202907562,Medium
"I agree; I don't want to grant them the legitimacy of protestors. They're greedy, small-minded people who somehow seem to share the mass delusion that this is not only a good idea for themselves as individuals, but is the right thing to do for ranchers at large. Basically: take something that currently belongs to everyone, and give it to a select group of people, so they can profit.",0.0,0.0,0.0,0.0,0.0,0.0,0.0,"{'toxic': 0.0011511496268212795, 'insult': 0.00020582186698447913, 'identity_hate': 0.000187419616850093, 'obscene': 0.00015152952983044088, 'threat': 0.00011945029837079346, 'severe_toxic': 0.00010390939132776111}",0.0011511496268212795,0.0011511496268212795,Low
Interesting. I'll be curious to see how this works out. I often refrain from commenting because I don't have the time or desire to engage with the couple of resident trolls who seem to jump on every active WW comment thread.,0.0,0.0,0.0,0.0,0.0,0.0,0.0,"{'toxic': 0.0006090100505389273, 'insult': 0.00017972031491808593, 'obscene': 0.00017711003602016717, 'identity_hate': 0.00013739302812609822, 'threat': 0.00012923096073791385, 'severe_toxic': 0.0001210361224366352}",0.0006090100505389273,0.0006090100505389273,Low
Awesome! I love Civil Comments!,0.0,0.0,0.0,0.0,0.0,0.0,0.0,"{'toxic': 0.0007302075391635299, 'obscene': 0.00019527455151546746, 'insult': 0.00016794043767731637, 'identity_hate': 0.00013500190107151866, 'threat': 0.00012424324813764542, 'severe_toxic': 0.00011803924280684441}",0.0007302075391635299,0.0007302075391635299,Low
"I'm glad you're working on this, and I look forward to seeing how it plays out.    The comments sections of online news stories have the potential to be great tools for community interaction about current events, a Neo Town Hall, of sorts.  One of the reasons I rely on Reddit as a platform for news and local discussions is that there's a sense of community interaction that's often lacking in my ""real life,"" hectic discussions.  

But hopefully we won't be tempted to silence those who take unpopular stances.",0.0,0.0,0.0,0.0,0.0,0.0,0.0,"{'toxic': 0.0005768516566604376, 'obscene': 0.00018072818056680262, 'insult': 0.00017394353926647455, 'identity_hate': 0.00014564186858478934, 'threat': 0.0001404819922754541, 'severe_toxic': 0.00012904760660603642}",0.0005768516566604376,0.0005768516566604376,Low
"Angry trolls, misogynists and Racists"", oh my. It doesn't take all of my 150 IQ to see the slant here.  it's the ""Diversity diode"" at work yet again. ""We can say anything that we want because we are Diversity. You on the other hand must only  say what we allow you to say. From now on, winning arguments against any member of diversity will be considered offensive language.  facts, cogent, linear posts and Math are now verboten.",0.5,0.0,0.0,0.0,0.5,0.1,0.0,"{'toxic': 0.10522256791591644, 'identity_hate': 0.013126582838594913, 'insult': 0.006461848970502615, 'obscene': 0.0023986788000911474, 'threat': 0.00061850028578192, 'severe_toxic': 0.0004904448869638145}",0.10522256791591644,0.10522256791591644,Low
Nice to some attempts to try to make comments better—it feels like any innovation in commenting communities ended with the launch of Disqus nearly a decade ago.,0.0,0.0,0.0,0.0,0.0,0.0,0.0,"{'toxic': 0.0005653788684867322, 'obscene': 0.00018092938989866525, 'insult': 0.00017619003483559936, 'identity_hate': 0.00014168696361593902, 'threat': 0.00013170183228794485, 'severe_toxic': 0.00012760456593241543}",0.0005653788684867322,0.0005653788684867322,Low
"One would hope that the purpose of introducing this system is to encourage more debate and discussion, not less.  It seems there are several things that limit the flow of discussion:  Making comments that are personal attacks or encouraging witch hunts; true spam (which has been a real problem on WW's comment section, in my experience); and chasing rabbits to draw discussions away from the primary subject at hand.

I, for one, don't want to see unpopular opinions silenced.  Healthy debate is an important component of a civil society.  But when discussions degenerate into insults and distraction, it actually limits the ability of people to talk with each other.  I'm believing that this is the intention of your newspaper here, and I hope it's a movement that results in more, not less, commentary on current events.  We need it.",0.0,0.0,0.0,0.0,0.0,0.0,0.0,"{'toxic': 0.0006082254694774747, 'obscene': 0.00017396992188878357, 'insult': 0.00017099145043175668, 'identity_hate': 0.0001454438315704465, 'threat': 0.00013168701843824238, 'severe_toxic': 0.0001238638797076419}",0.0006082254694774747,0.0006082254694774747,Low
"Comments will be randomly chosen and be reviewed by more than one person. But I bet the Civil people have an even better, more thorough answer to this question!",0.0,0.0,0.0,0.0,0.0,0.0,0.0,"{'toxic': 0.0005647600046359003, 'insult': 0.0001786432694643736, 'obscene': 0.00017746399680618197, 'identity_hate': 0.00014495756477117538, 'threat': 0.00013884410145692527, 'severe_toxic': 0.00012956149294041097}",0.0005647600046359003,0.0005647600046359003,Low
She would be a major improvement for city council and she has a long history of giving all citizens a voice. She is a problem solver that is what Portland needs .,0.0,0.0,0.0,0.0,0.0,0.0,0.0,"{'toxic': 0.0006684688269160688, 'insult': 0.00018723029643297195, 'obscene': 0.00017492238839622587, 'identity_hate': 0.00013778451830148697, 'threat': 0.00013599196972791106, 'severe_toxic': 0.00011877290671691298}",0.0006684688269160688,0.0006684688269160688,Low
"I agree! Comments have so much potential to be places for active discussion, especially in publications that already serve an amazing community (but then, I'm biased—I'm a Civil co-founder). We've worked hard to make sure that the comments section won't become an echo chamber, though, by combining clever algorithms on the backend with the peer reviews. That's also why there are two separate questions: ""is this a *good* comment?"" and ""is this comment civil?""",0.0,0.0,0.0,0.0,0.0,0.0,0.0,"{'toxic': 0.0005632333923131227, 'obscene': 0.00018553559493739158, 'insult': 0.00017540354747325182, 'identity_hate': 0.00014410122821573168, 'threat': 0.00013606916763819754, 'severe_toxic': 0.00012952480756212026}",0.0005632333923131227,0.0005632333923131227,Low
"Great question! It's one we're asked a lot. We've designed the system assuming that people *will* try to abuse it. So, in addition to the peer reviews, there are algorithms on the backend doing a lot of meta-analysis. I'm sure the system isn't 100% perfect yet, but we know from months of beta testing that it's a really solid start, and we'll keep working to improve it!",0.0,0.0,0.0,0.0,0.0,0.0,0.0,"{'toxic': 0.0006513622938655317, 'obscene': 0.00018250473658554256, 'insult': 0.0001723918248899281, 'identity_hate': 0.0001381418260280043, 'threat': 0.0001228661130880937, 'severe_toxic': 0.00011901870311703533}",0.0006513622938655317,0.0006513622938655317,Low
"Thanks, Christa!  Will you be adding any features to allow overall ""upvotes"" of the article itself?  Also, notification settings for users?",0.0,0.0,0.0,0.0,0.0,0.0,0.0,"{'toxic': 0.0006445766193792224, 'insult': 0.00017955194925889373, 'obscene': 0.00017011685122270137, 'identity_hate': 0.00014007762365508825, 'threat': 0.00012619605695363134, 'severe_toxic': 0.00011806624388555065}",0.0006445766193792224,0.0006445766193792224,Low
"Our aim is actually the opposite: we want spirited debate in which everyone feels free to participate, without fear of harassment, abuse, or death threats. Right now, a lot of voices are being silenced due to that fear. We designed Civil Comments for civil, respectful discussion and debate—we don't want it to become a ""positive comments only"" echo chamber. There's a lot going on on the backend to prevent abuse of the system. So, everyone is free to speak their mind, even if their opinion is unpopular—so long as they treat each other with respect.",0.0,0.0,0.0,0.0,0.0,0.0,0.0,"{'toxic': 0.0007147829746827483, 'obscene': 0.00017436800408177078, 'insult': 0.00017357028264086694, 'identity_hate': 0.00015562032058369368, 'threat': 0.00015353180060628802, 'severe_toxic': 0.0001244257000507787}",0.0007147829746827483,0.0007147829746827483,Low
"Thanks! We're really going to try — not only to improve civility, but also to make comments more dynamic and interesting.",0.0,0.0,0.0,0.0,0.0,0.0,0.0,"{'toxic': 0.0005473926430568099, 'obscene': 0.00018349074525758624, 'insult': 0.00017980531265493482, 'identity_hate': 0.0001481631916249171, 'threat': 0.00014744892541784793, 'severe_toxic': 0.00013673222565557808}",0.0005473926430568099,0.0005473926430568099,Low
I applaud Civil's efforts to create some new technology in this field. Hoping for more thoughtful discussions moving forward.,0.0,0.0,0.0,0.0,0.0,0.0,0.0,"{'toxic': 0.0005067559541203082, 'obscene': 0.00019577173225115985, 'insult': 0.00018098874716088176, 'identity_hate': 0.00015504859038628638, 'threat': 0.00015168303798418492, 'severe_toxic': 0.0001451004354748875}",0.0005067559541203082,0.0005067559541203082,Low
Why bother writing a review if it's going to be this devoid of content?  I understand that you work for WW. (but that hardly seems like an excuse when Fred Armisen recorded radio voices for Grand Theft Auto IV with the same number of people.),0.0,0.0,0.0,0.0,0.0,0.0,0.0,"{'toxic': 0.0006861704168841243, 'insult': 0.00018034463573712856, 'obscene': 0.00017466953431721777, 'identity_hate': 0.0001368005614494905, 'threat': 0.0001212980569107458, 'severe_toxic': 0.00011285419168416411}",0.0006861704168841243,0.0006861704168841243,Low
Yet call out all Muslims for the acts of a few will get you pilloried.   So why is it okay to smear an entire religion over these few idiots?  Or is this because it's okay to bash Christian sects?,0.9125,0.05,0.2375,0.1125,0.8875,0.6125,0.0,"{'toxic': 0.8697937726974487, 'identity_hate': 0.5495229363441467, 'insult': 0.37664708495140076, 'obscene': 0.17639024555683136, 'severe_toxic': 0.020980337634682655, 'threat': 0.013523316942155361}",0.8697937726974487,0.8697937726974487,High
"I love the idea of upvoting entire articles, though this would have to be something that the Publisher could turn on and off. We do have a ton of other features currently in the works—following (and blocking!) other users, bookmarking articles during the review process, to read later (I find myself wanting to read the articles that other people are commenting on, as I'm reviewing their comments!), following conversations, and so much more. Thanks for your enthusiasm, Melinda, and your patience! It's a brand-new way to approach comments, and we're going to continue to improve it. We welcome all suggestions and feedback!",0.0,0.0,0.0,0.0,0.0,0.0,0.0,"{'toxic': 0.0005767425172962248, 'obscene': 0.0001883799268398434, 'insult': 0.00017360619676765054, 'identity_hate': 0.0001425994123565033, 'threat': 0.00013943316298536956, 'severe_toxic': 0.0001307092170463875}",0.0005767425172962248,0.0005767425172962248,Low
Troll free since 2016.,0.0,0.0,0.0,0.0,0.0,0.0,0.0,"{'toxic': 0.0011426808778196573, 'insult': 0.0001926385157275945, 'obscene': 0.0001725233596516773, 'identity_hate': 0.0001540688390377909, 'threat': 0.0001056305191013962, 'severe_toxic': 9.711818711366504e-05}",0.0011426808778196573,0.0011426808778196573,Low
This bitch is nuts. Who would read a book by a woman.,0.83076924,0.10769231,0.6615385,0.0,0.83076924,0.33846155,0.06153846,"{'toxic': 0.9954870343208313, 'obscene': 0.9741694331169128, 'insult': 0.9545938372612, 'severe_toxic': 0.17833247780799866, 'identity_hate': 0.026571232825517654, 'threat': 0.0016199920792132616}",0.9954870343208313,0.9954870343208313,High
Awesome!,0.0,0.0,0.0,0.0,0.0,0.0,0.0,"{'toxic': 0.004093828145414591, 'obscene': 0.000717896269634366, 'insult': 0.0002468953316565603, 'identity_hate': 0.00013716629473492503, 'severe_toxic': 0.00013223149289842695, 'threat': 0.00011035821808036417}",0.004093828145414591,0.004093828145414591,Low
"Not for long!  

(Troll-In-Training since 2016)",0.0,0.0,0.0,0.0,0.0,0.0,0.0,"{'toxic': 0.0009733299957588315, 'insult': 0.00018916468252427876, 'obscene': 0.0001719841529848054, 'identity_hate': 0.00013716892863158137, 'threat': 0.00011235530837439, 'severe_toxic': 0.00010037306492449716}",0.0009733299957588315,0.0009733299957588315,Low
Commenting for the sake of commenting to rate other comments to better comment on our new comment system.,0.0,0.0,0.0,0.0,0.0,0.0,0.0,"{'toxic': 0.0006255679181776941, 'insult': 0.00018025111057795584, 'obscene': 0.00017355587624479085, 'identity_hate': 0.00014418107457458973, 'threat': 0.00013070435670670122, 'severe_toxic': 0.00012222796794958413}",0.0006255679181776941,0.0006255679181776941,Low
"Interesting concept.

How does Civil Comments plan to monetize their operation?",0.0,0.0,0.0,0.0,0.0,0.0,0.0,"{'toxic': 0.0006094783893786371, 'insult': 0.00017868670693133026, 'obscene': 0.00017730114632286131, 'identity_hate': 0.00014131941134110093, 'threat': 0.00012448409688659012, 'severe_toxic': 0.00012152786803198978}",0.0006094783893786371,0.0006094783893786371,Low
"Pity the menu lost so much vegan food! The Mash Tun was a favorite beer bar for all the delicious tempeh stuff.
Excited the staff is still there, can't wait to try the new beers.",0.16666667,0.0,0.0,0.16666667,0.0,0.0,0.0,"{'toxic': 0.01942942664027214, 'insult': 0.0008450397290289402, 'obscene': 0.0005448301089927554, 'identity_hate': 0.0004073402378708124, 'threat': 0.00017595986719243228, 'severe_toxic': 0.00011231953249080107}",0.01942942664027214,0.01942942664027214,Low
"I already see dozens of ""just commenting to vote on comments to be able to comment"" type of comments.

This voting system is completely insane- you're assuming people have the extra time to *actually read* multiple non related comments?

I would love to see this system installed on oregonlive.com - they have enough online visitors and an established ""troll"" base to really need this service.

With as little online activity as wweek has - it will discourage further growth here.",0.0,0.0,0.0,0.0,0.0,0.0,0.0,"{'toxic': 0.0011613290989771485, 'obscene': 0.0001878697657957673, 'insult': 0.00018661966896615922, 'identity_hate': 0.00014502352860290557, 'threat': 0.00011344318045303226, 'severe_toxic': 0.00010006715456256643}",0.0011613290989771485,0.0011613290989771485,Low
Very cool project!,0.0,0.0,0.0,0.0,0.0,0.0,0.0,"{'toxic': 0.0007378425216302276, 'obscene': 0.000192506835446693, 'insult': 0.00017269386444240808, 'identity_hate': 0.00013441014743875712, 'threat': 0.00011604000610532239, 'severe_toxic': 0.00011355606693541631}",0.0007378425216302276,0.0007378425216302276,Low
Awesome! Signed up just to give this a shot... good luck to your enterprise!,0.0,0.0,0.0,0.0,0.0,0.0,0.0,"{'toxic': 0.0007853407296352088, 'obscene': 0.00019710964988917112, 'insult': 0.00018197993631474674, 'identity_hate': 0.00013673718785867095, 'threat': 0.0001208722242154181, 'severe_toxic': 0.00011131491919513792}",0.0007853407296352088,0.0007853407296352088,Low
"disqus has way more functionality and obviously a huge following - it can increase visitor count significantly.

disqus also has a moderator feature - a feature that wweek either never wanted to pay their staff to undertake, or never developed a group of people they could trust to do it on their behalf on a volunteer basis.",0.0,0.0,0.0,0.0,0.0,0.0,0.0,"{'toxic': 0.0006512394174933434, 'obscene': 0.00018486139015294611, 'insult': 0.00017883346299640834, 'identity_hate': 0.00013711268547922373, 'threat': 0.0001340925373369828, 'severe_toxic': 0.00012128834350733086}",0.0006512394174933434,0.0006512394174933434,Low
"YET ANOTHER BARACK OBAMA LIBERAL MEDIA CONSPIRACY BY THE THOUGHT CONTROL POLICE. I DIDENT SPEND 30 YEARS MIXING CONCRETE TO LET AMERICA FALL TO THE COMMIES. THE TAXES HERE ARE SO HIGH I CANT EVEN AFFORD A KEYBOARD WITH A WORKING CAPS LOCK. PORTLAND HAS BEEN GOING DOWNHILL FOR YEARS, NO WONDER THE TEA PARTY IS MAKING A COMEBACK. WHATS NEXT FLOURAIDE IN THE WATER SUPPLY?",0.16666667,0.0,0.0,0.0,0.16666667,0.0,0.0,"{'toxic': 0.00219554640352726, 'obscene': 0.00022887955128680915, 'insult': 0.00021639090846292675, 'identity_hate': 0.00017104315338656306, 'threat': 9.864544699667022e-05, 'severe_toxic': 8.934440120356157e-05}",0.00219554640352726,0.00219554640352726,Low
I haven't seen the kind of comments you're mentioning. I'm interested in where this system works and where it's having problems. Do you have a link you could share that has comments like you mentioned?,0.0,0.0,0.0,0.0,0.0,0.0,0.0,"{'toxic': 0.0005661111790686846, 'obscene': 0.0001803824707167223, 'insult': 0.00017620767175685614, 'identity_hate': 0.00014340897905640304, 'threat': 0.0001316519919782877, 'severe_toxic': 0.0001277912233490497}",0.0005661111790686846,0.0005661111790686846,Low
I'm crazy about that illustration! I never would have thought to pitch everything so yellow and orange.,0.2,0.0,0.0,0.0,0.2,0.0,0.0,"{'toxic': 0.004706009291112423, 'insult': 0.0002864687121473253, 'obscene': 0.00024779123486950994, 'identity_hate': 0.00019706999592017382, 'threat': 0.00011662927136057988, 'severe_toxic': 8.798007183941081e-05}",0.004706009291112423,0.004706009291112423,Low
"wmcelha, there are several new and exciting vegan and gluten free options on the new menu!  Buffalo tostones are a fun, vegan, gluten free, soy free option.  Not to mention a killer new veggie burger, vegan tacos, and several nice salads.  Hope to see you there soon!",0.0,0.0,0.0,0.0,0.0,0.0,0.0,"{'toxic': 0.008710375986993313, 'insult': 0.0006985081708990037, 'obscene': 0.0005525934975594282, 'identity_hate': 0.00038498290814459324, 'threat': 0.00018964544869959354, 'severe_toxic': 0.00012940865417476743}",0.008710375986993313,0.008710375986993313,Low
"Thank you, thank you, thank you! I love WW content but the comment section has polluted for far too long. The lack of community moderation gave a loud megaphone to a small number of right wing trolls.",0.2,0.0,0.0,0.0,0.2,0.1,0.0,"{'toxic': 0.0016632289625704288, 'insult': 0.00021987264335621148, 'obscene': 0.00020732785924337804, 'identity_hate': 0.00014571855717804283, 'threat': 9.358654642710462e-05, 'severe_toxic': 8.83625543792732e-05}",0.0016632289625704288,0.0016632289625704288,Low
Probably because they consistently waste funds on trendy projects like green bike boxes -- which cost a fortune and have to be repainted every couple of years.  Oy.,0.0,0.0,0.0,0.0,0.0,0.0,0.0,"{'toxic': 0.0012477677082642913, 'insult': 0.00020286098879296333, 'obscene': 0.00017270012176595628, 'identity_hate': 0.00014576900866813958, 'threat': 0.00010128888970939443, 'severe_toxic': 9.324715938419104e-05}",0.0012477677082642913,0.0012477677082642913,Low
"The system is set up so if traffic is slow, an algorithm takes over until it picks up.",0.0,0.0,0.0,0.0,0.0,0.0,0.0,"{'toxic': 0.0006985960644669831, 'insult': 0.00018162389460485429, 'obscene': 0.00017442919488530606, 'identity_hate': 0.00014220956654753536, 'threat': 0.00011899486707989126, 'severe_toxic': 0.00011621785233728588}",0.0006985960644669831,0.0006985960644669831,Low
Because the people who drive cars more are the ones who cause more wear and tear on the roads?  Pretty fair and straightforward.,0.0,0.0,0.0,0.0,0.0,0.0,0.0,"{'toxic': 0.0028002304024994373, 'obscene': 0.00024432549253106117, 'insult': 0.0002407319116173312, 'identity_hate': 0.0001620379334781319, 'threat': 0.0001059303103829734, 'severe_toxic': 8.916854858398438e-05}",0.0028002304024994373,0.0028002304024994373,Low
"Affordable housing gets built pursuant to tax #3, immediately becomes less affordable pursuant to tax #2.  Brilliant!",0.0,0.0,0.0,0.0,0.0,0.0,0.0,"{'toxic': 0.0009938006987795234, 'insult': 0.00018704935791902244, 'obscene': 0.0001785768399713561, 'identity_hate': 0.00013934292655903846, 'threat': 0.00010638503590598702, 'severe_toxic': 9.945603960659355e-05}",0.0009938006987795234,0.0009938006987795234,Low
"Tried this out on another post.  Having to rate three other comments and then my own - is the lead designer a big Foucault fan?  Feels like panopticomments.

I suspect you won't go back, but I prefer Disqus because of the ubiquity and notifications system.",0.0,0.0,0.0,0.0,0.0,0.0,0.0,"{'toxic': 0.00107511505484581, 'insult': 0.00019155291374772787, 'obscene': 0.00018020987045019865, 'identity_hate': 0.00014291850675363094, 'threat': 0.0001016196547425352, 'severe_toxic': 9.8750191682484e-05}",0.00107511505484581,0.00107511505484581,Low
"""winning arguments against any member of diversity""

You may have inadvertently given Civil Comments an idea for the 2.0 version of their system.

1. Is this a good comment?

2. Is this comment civil?

3. Did this comment totally just win the argument???",0.0,0.0,0.0,0.0,0.0,0.0,0.0,"{'toxic': 0.0007613342022523284, 'insult': 0.0001794745767256245, 'obscene': 0.0001699261920293793, 'identity_hate': 0.0001388756063533947, 'threat': 0.00011983270815107971, 'severe_toxic': 0.00010885724623221904}",0.0007613342022523284,0.0007613342022523284,Low
"I had a little trouble getting signed up, but after a brief email exchange with the folks at Civil everything appears to be working now.  If they're successful in their goal, I'll be extremely pleased.",0.0,0.0,0.0,0.0,0.0,0.0,0.0,"{'toxic': 0.000520931207574904, 'obscene': 0.0002083523868350312, 'insult': 0.00018332093895878643, 'identity_hate': 0.00014661639579571784, 'severe_toxic': 0.00014058517990633845, 'threat': 0.00013561578816734254}",0.000520931207574904,0.000520931207574904,Low
"Are you taxed as a resident of the state you were in when you bought the ticket, or as a resident of the state you are in when you claim the ticket?

If it's the latter, I suppose a theoretical lucky Oregonian will have to decide whether it's worth $90m in exchange for being stuck with the hated ""Californian"" moniker.",0.0,0.0,0.0,0.0,0.0,0.0,0.0,"{'toxic': 0.0015740897506475449, 'insult': 0.0002354923344682902, 'obscene': 0.00017537128587719053, 'identity_hate': 0.00016214472998399287, 'threat': 0.00010226327140117064, 'severe_toxic': 9.109493112191558e-05}",0.0015740897506475449,0.0015740897506475449,Low
"The letter writing campaign to get livestock off of Malheur Refuge started in the late '70's. The death threat phoned in to Nancy and Denzel's home was in 1979; along with two other friends I was hired a bodyguard to help protect N&D that weekend. The Hammond's ejection of the Ferguson's from the Diamond Dance was the year or two before the death threat. Great article WW and Jim D. For the last 10 days, lots of us have been wishing we could hear Denzel make witty quips about the Bundycon's occupation of the refuge hq. Sacred Cows at the public trough is easy to get on Amazon. Read and learn, read and learn ... great history of western livestock abuses ...",0.0,0.0,0.0,0.0,0.0,0.0,0.0,"{'toxic': 0.0007728817290626466, 'obscene': 0.00018424513109494, 'insult': 0.00017259987362194806, 'identity_hate': 0.00013965219841338694, 'threat': 0.00011978084512520581, 'severe_toxic': 0.00011209805234102532}",0.0007728817290626466,0.0007728817290626466,Low
Mormons have had a complicated relationship with federal law.,0.3,0.0,0.0,0.0,0.0,0.3,0.0,"{'toxic': 0.0007461807690560818, 'insult': 0.00017410318832844496, 'obscene': 0.000171799270901829, 'identity_hate': 0.00015469225763808936, 'threat': 0.00011355800234014168, 'severe_toxic': 0.00011326138337608427}",0.0007461807690560818,0.0007461807690560818,Low
"Send more dildos, STAT.",0.3611111,0.041666668,0.083333336,0.0,0.041666668,0.0,0.3888889,"{'toxic': 0.786440372467041, 'insult': 0.355442076921463, 'obscene': 0.3428313434123993, 'identity_hate': 0.041108839213848114, 'severe_toxic': 0.007150882389396429, 'threat': 0.0023049882147461176}",0.786440372467041,0.786440372467041,High
"I've been loosely following Civil Comments since it was announced late last year; I even tried a beta demonstration. One thing I've been wondering is: will users will have to sign up for new profiles on any site that uses Civil, or do you have one Civil profile that you'd use on any partner site?",0.0,0.0,0.0,0.0,0.0,0.0,0.0,"{'toxic': 0.0005334090674296021, 'obscene': 0.0001840063778217882, 'insult': 0.00017718737944960594, 'identity_hate': 0.0001476171746617183, 'threat': 0.00013677944662049413, 'severe_toxic': 0.00013269884220790118}",0.0005334090674296021,0.0005334090674296021,Low
My sign-up just now couldn't have been smoother!,0.0,0.0,0.0,0.0,0.0,0.0,0.0,"{'toxic': 0.0008118656114675105, 'obscene': 0.00019120438082609326, 'insult': 0.00017814352759160101, 'identity_hate': 0.0001312960812356323, 'severe_toxic': 0.00010909157572314143, 'threat': 0.00010776412091217935}",0.0008118656114675105,0.0008118656114675105,Low
"I couldn't be more pleased. Comments on many sites too often get overtaken by trolls. It's the first I've heard of Civil, but I like its intent and encourage other publications in town to consider comments as a platform for engagement rather than a troll-driven click driver intended to boost online ad rates.",0.3,0.0,0.0,0.0,0.3,0.0,0.0,"{'toxic': 0.0006065218476578593, 'insult': 0.0001760362065397203, 'obscene': 0.0001758243452059105, 'identity_hate': 0.00014080652908887714, 'threat': 0.00013162840332370251, 'severe_toxic': 0.0001220035701408051}",0.0006065218476578593,0.0006065218476578593,Low
"Thanks so much for following our progress and helping to test the software, David! To answer your question: you'll have one over-arching Civil account where you can manage different profiles for different sites. Of course, you're welcome to use the same information across all sites! We decided that it'd be best to be able to present yourself differently to different communities, though. I might, for example, want to be portland_hipster15 here on Willamette Week, but prefer to be MrWhiskers on Cat Enthusiast Digest!",0.0,0.0,0.0,0.0,0.0,0.0,0.0,"{'toxic': 0.0022108962293714285, 'obscene': 0.0002756121102720499, 'insult': 0.00023925236018840224, 'identity_hate': 0.00014749278489034623, 'threat': 0.00010654157085809857, 'severe_toxic': 9.305057756137103e-05}",0.0022108962293714285,0.0022108962293714285,Low
"Enterprise licenses are available now, and we'll have tiered small business plans available very soon! We will also have a free, public version out later this year.",0.0,0.0,0.0,0.0,0.0,0.0,0.0,"{'toxic': 0.0006149157416075468, 'insult': 0.0001804894709493965, 'obscene': 0.00017213229148183018, 'identity_hate': 0.00014361382636707276, 'threat': 0.00013476202730089426, 'severe_toxic': 0.00012326838623266667}",0.0006149157416075468,0.0006149157416075468,Low
"This is certainly not good journalism by any stretch of the imagination, but they are words, and if this is the metric by which Willamette Week chooses to publish a journalist, then by all means publish Brace Belden.",0.16666667,0.0,0.0,0.0,0.16666667,0.0,0.0,"{'toxic': 0.0006782777491025627, 'insult': 0.00018417891988065094, 'obscene': 0.0001735896512400359, 'identity_hate': 0.0001420814951416105, 'threat': 0.00012154651631135494, 'severe_toxic': 0.00011631074448814616}",0.0006782777491025627,0.0006782777491025627,Low
"This was completely fascinating. But it left me with a question I haven't seen reported elsewhere either: These guys identify as ranchers, so who are their customers? What are the economics of their situation -- are they in the same situation as chicken farmers, where they have had their livelihoods squeezed away ... I'd like to understand what drives someone who seems to have so much to be so alienated, and their economic situation must play into that.",0.0,0.0,0.0,0.0,0.0,0.0,0.0,"{'toxic': 0.0008486327715218067, 'insult': 0.00019205968419555575, 'obscene': 0.00017231768288183957, 'identity_hate': 0.00014994543744251132, 'severe_toxic': 0.0001067681732820347, 'threat': 0.00010670832853065804}",0.0008486327715218067,0.0008486327715218067,Low
"Thanks so much for your input, and for giving us a chance! We do have user following (and blocking!) as well as more notifications in the works for future versions. I hope you'll stick around and let us know what you think!
And yes, the software architect, Aja, is a Foucault fan.",0.0,0.0,0.0,0.0,0.0,0.0,0.0,"{'toxic': 0.0008151531801559031, 'insult': 0.00017991987988352776, 'obscene': 0.00016915782180149108, 'identity_hate': 0.00014027008728589863, 'threat': 0.00011769644333980978, 'severe_toxic': 0.00010761634621303529}",0.0008151531801559031,0.0008151531801559031,Low
I think you left out one very important organization who help the mentally ill over 18. NAMI Multnomah. They help people with mental distress find within or without NAMI to find them the services that can be most beneficial to them.  I am a volunteer for NAMI Multnomah in their Connection program. It is a walk-in group to people 18 and up. No matter the diagnosis we welcome them and help them learn new coping skills and develop tools to further  help them learn to cope from week to week. We have groups all over Multnomah County. By going  to http://nami.multnomah.org/. You will with out much difficulty find the list of Connection Groups and their times and locations.,0.0,0.0,0.0,0.0,0.0,0.0,0.0,"{'toxic': 0.0028818631544709206, 'insult': 0.0003979534958489239, 'identity_hate': 0.0002801735536195338, 'obscene': 0.00026497652288526297, 'threat': 0.00014424019900616258, 'severe_toxic': 0.00012110516399843618}",0.0028818631544709206,0.0028818631544709206,Low
"Thanks for the info! One other thing I just noticed: in the email I got about your reply, the link to view it didn't work (at least not from Mail.app on OS X). Looks like it came through as x-webdoc:// and probably doesn't know how to deal with that scheme.

Really love what you're doing with Civil Comments, though! Can't wait to see it on more sites. Might even bring back comments on my personal site once it's available!",0.0,0.0,0.0,0.0,0.0,0.0,0.0,"{'toxic': 0.0007605691207572818, 'obscene': 0.00017993325309362262, 'insult': 0.00017080405086744577, 'identity_hate': 0.0001340802846243605, 'threat': 0.00011777861072914675, 'severe_toxic': 0.00011073792120441794}",0.0007605691207572818,0.0007605691207572818,Low
Interesting idea. I tend to use content blockers on sites that I know don't moderate comments very well. If they adopted a system like this I might stop doing that.,0.0,0.0,0.0,0.0,0.0,0.0,0.0,"{'toxic': 0.0006592476274818182, 'obscene': 0.00017588958144187927, 'insult': 0.00017443951219320297, 'identity_hate': 0.00013978502829559147, 'threat': 0.00012758314551319927, 'severe_toxic': 0.00011784365779021755}",0.0006592476274818182,0.0006592476274818182,Low
This was quite a comprehensive list. Goody for the writers and the people that researched for this guide.,0.0,0.0,0.0,0.0,0.0,0.0,0.0,"{'toxic': 0.0005613078246824443, 'obscene': 0.00018086763157043606, 'insult': 0.00017779090558178723, 'identity_hate': 0.00013977660273667425, 'threat': 0.00012820778647437692, 'severe_toxic': 0.0001275898248422891}",0.0005613078246824443,0.0005613078246824443,Low
"Ryan Bundy seems like a nice, responsible  human being who has been sold a bill of goods by his  intellectually domineering brother, who he idolizes. Ammon has a bunch of other similarly situated nutters following him as well.  Where? No one quite knows. And, unless you live in Burns no one cares. Personally, I am glad these bearded, cammo wearing, narrowly educated , nuisances....are there and not here. Traffic is bad enough.  No reason to make it worse with a Constitutional Pagent Play in the Federal Building in downtown PDX.  And,  repulsive as their  cammo costumes are ( all available at Cabela's and Andy and Bax) with their brandishing weapons it's a very immature male form of exhibitionism....cowboys and indians for middle aged men.",0.0,0.0,0.0,0.0,0.0,0.0,0.0,"{'toxic': 0.12726877629756927, 'insult': 0.02610926143825054, 'identity_hate': 0.0136943394318223, 'obscene': 0.004885227419435978, 'severe_toxic': 0.0007006940431892872, 'threat': 0.0004976238706149161}",0.12726877629756927,0.12726877629756927,Low
"All the framed boxes must take up extra code and bandwidth usage to send all the extra code to our browsers..

Then there is all the ""2 more replies"" buttons to click on - that is amazingly annoying - I don't want to have to click on half a dozen ""more replies"" buttons to see what is being said.

And really, you have to vote on 3 other replies? What percentage of your users wait more than 1/2 second before randomly clicking on a response? Oh well, I digress.",0.0,0.0,0.0,0.0,0.0,0.0,0.0,"{'toxic': 0.0009850120404735208, 'insult': 0.00018084763723891228, 'obscene': 0.00017529286560602486, 'identity_hate': 0.00014060111425351351, 'threat': 0.00011083437129855156, 'severe_toxic': 0.00010163109982386231}",0.0009850120404735208,0.0009850120404735208,Low
"Ah, so part of the ""back end"" and ""algorithms"" - automatic comment rejection if you don't vote on the 3 random comments in a way that is conforming enough to the way other users vote - or if you vote too fast, as I assumed many would do - just clicking a random button too quickly means that you're unwilling to ""participate"" - you just want to ""comment"" which doesn't ensure a ""civil"" community of commenters :

Screen grab from a rejected comment :
i5guy
3 hours ago
Rejected
Personally, I already don’t have the time or energy to actually read the stuff they ask me to vote on. I’ll just randomly click on yes sorta or no to make the buttons go away.

Problems were detected in the ratings you left for your peers.",0.0,0.0,0.0,0.0,0.0,0.0,0.0,"{'toxic': 0.001049129175953567, 'insult': 0.00018920833826996386, 'obscene': 0.00018298790382687002, 'identity_hate': 0.00014399159408640116, 'threat': 0.00010855549771804363, 'severe_toxic': 0.00010046605166280642}",0.001049129175953567,0.001049129175953567,Low
"To anyone reading this article. That's me and my friends in this picture. I would like to point out this ""journalist"" asked us zero questions. She just snapped our picture and left. And then writes an article trashing us, with no background? That's some real class A journalism. Kigurmi run by Sazac is a European company. And last time I checked a onzie of a cheetah bought at target is fine but suddenly I'm wearing one bought online and I'm appropiating a whole country? And if that wasn't bad enough the whole second half is trashing furries? Maybe next time you should think before writing an article antagonizing teenagers trying to do their Christmas tradition of getting pictures with Santa...",0.16666667,0.0,0.0,0.0,0.16666667,0.0,0.0,"{'toxic': 0.005464315414428711, 'insult': 0.00040005907067097723, 'obscene': 0.0003347930032759905, 'identity_hate': 0.00023641674488317221, 'threat': 0.00012396645615808666, 'severe_toxic': 0.00010327580093871802}",0.005464315414428711,0.005464315414428711,Low
"Thanks, David! And yes, that's a known issue, new to installing on WW. Working on it! :)",0.0,0.0,0.0,0.0,0.0,0.0,0.0,"{'toxic': 0.0006480911979451776, 'obscene': 0.00018247270782012492, 'insult': 0.00017511726764496416, 'identity_hate': 0.00013752462109550834, 'threat': 0.00012118268932681531, 'severe_toxic': 0.00011756912135751918}",0.0006480911979451776,0.0006480911979451776,Low
"Hey i5guy, that's a good point about ""more replies"" appearing too soon in the thread. What do you think about changing it so that, say, it takes four comments before that button shows up?",0.0,0.0,0.0,0.0,0.0,0.0,0.0,"{'toxic': 0.0071600317023694515, 'obscene': 0.0004917258629575372, 'insult': 0.0004633343778550625, 'identity_hate': 0.00018352348706685007, 'threat': 0.00012073388643329963, 'severe_toxic': 9.362548007629812e-05}",0.0071600317023694515,0.0071600317023694515,Low
"They're providing a service to the sites they're on, I assume those sites pay for that service.",0.0,0.0,0.0,0.0,0.0,0.0,0.0,"{'toxic': 0.0006967324879951775, 'insult': 0.00017359593766741455, 'obscene': 0.00017324223881587386, 'identity_hate': 0.00013762076559942216, 'threat': 0.00012696540215983987, 'severe_toxic': 0.00011583160085137933}",0.0006967324879951775,0.0006967324879951775,Low
"let me some up the heavy vibers feelings:

GO BACK TO CALIFORNIA.",0.0,0.0,0.0,0.0,0.0,0.0,0.0,"{'toxic': 0.004351517651230097, 'obscene': 0.0003002514422405511, 'insult': 0.00029462575912475586, 'identity_hate': 0.00020528289314825088, 'threat': 0.000136824426590465, 'severe_toxic': 9.413324005436152e-05}",0.004351517651230097,0.004351517651230097,Low
"I thought Willamette week was better than this. Using weasel  wording  and referring  to a vanity fair hit piece to spread a misinformed  view what furriers are. We all do not obsessed about and or dress up. Only 10% 15% furs   dress up in costume; you find a great ratio of costumers (cosplay) at Kumoricon and New Con than a fur con.  We fur have many different and dare say family  friendly  safe for work interest including art, role  play and  literature. In fact looking  at the Loyd center piece, the pictures could been take around January 2-3. We had a furry meet up  Loyd's Center and the ""reporter"" could had easily missed us.",0.0,0.0,0.0,0.0,0.0,0.0,0.0,"{'toxic': 0.001093760714866221, 'insult': 0.00019352053641341627, 'obscene': 0.00019016531587112695, 'identity_hate': 0.0001467908441554755, 'threat': 0.00011015907512046397, 'severe_toxic': 0.00010095506149809808}",0.001093760714866221,0.001093760714866221,Low
One more drink related item you missed IPA (that is looking at my grocery store beer  cooler). I like a good IPA but there is more to beer than IPA.,0.0,0.0,0.0,0.0,0.0,0.0,0.0,"{'toxic': 0.0006838027620688081, 'insult': 0.00017475482309237123, 'obscene': 0.00017168396152555943, 'identity_hate': 0.00014396771439351141, 'threat': 0.00011471800826257095, 'severe_toxic': 0.00011394806642783806}",0.0006838027620688081,0.0006838027620688081,Low
"Tuesday Jan. 13, members of 
this socalled 'militia' traveled to
John Day,Or to try to enlist the sherif 
there to come to Malheur and support them. He refused to go
without the approval of the local 
sheriff in Burns, Dave Ward.
Sheriff Ward said he only wanted 
The John Day sheriff to come to
Burns if he would be willing to 'shame and humiliate' the trespassers into leaving.
The Bundy Bunch are armed terrorist idiots who are attempting to poison my State with their toxic and divisive brand of 'politics'. They need to be arrested and prosecuted.
Rallies to support public lands and
the Malheur Refuge are being held in 
PDX, Eugene, and other cities across 
Or. next Tuesday Jan. 19: check out
#SupportMalheur.
And yes, I have lived in both rural 
Or (25 years) and urban Or.",0.4,0.0,0.0,0.0,0.4,0.0,0.0,"{'toxic': 0.07204189896583557, 'insult': 0.016503414139151573, 'identity_hate': 0.01116760540753603, 'obscene': 0.0074203116819262505, 'threat': 0.0015303267864510417, 'severe_toxic': 0.000991290551610291}",0.07204189896583557,0.07204189896583557,Low
"AND Left wing trolls!

Just because someone agrees with you politically doesn't mean they're doing so civilly!",0.4,0.0,0.0,0.0,0.4,0.1,0.0,"{'toxic': 0.0029503831174224615, 'insult': 0.00025667535373941064, 'obscene': 0.00021319935331121087, 'identity_hate': 0.00018072179227601737, 'threat': 0.00010642988490872085, 'severe_toxic': 8.530159539077431e-05}",0.0029503831174224615,0.0029503831174224615,Low
"Tuesday Jan. 13, members of 
this socalled 'militia' traveled to
John Day,Or to try to enlist the sherif 
there to come to Malheur and support them. He refused to go
without the approval of the local 
sheriff in Burns, Dave Ward.
Sheriff Ward said he only wanted 
The John Day sheriff to come to
Burns if he would be willing to 'shame and humiliate' the trespassers into leaving.
The Bundy Bunch are armed terrorist idiots who are attempting to poison my State with their toxic and divisive brand of 'politics'. They need to be arrested and prosecuted.
Rallies to support public lands and
the Malheur Refuge are being held in 
PDX, Eugene, and other cities across 
Or. next Tuesday Jan. 19: check out
#SupportMalheur.
And yes, I have lived in both rural 
Or (25 years) and urban Or.",0.5,0.0,0.0,0.0,0.5,0.0,0.0,"{'toxic': 0.07204189896583557, 'insult': 0.016503414139151573, 'identity_hate': 0.01116760540753603, 'obscene': 0.0074203116819262505, 'threat': 0.0015303267864510417, 'severe_toxic': 0.000991290551610291}",0.07204189896583557,0.07204189896583557,Low
"Kay's is one of the best bars in the city, but you don't have a section for the neighborhood.",0.0,0.0,0.0,0.0,0.0,0.0,0.0,"{'toxic': 0.0006612105062231421, 'insult': 0.0001755076227709651, 'obscene': 0.00017436833877582103, 'identity_hate': 0.00014393491437658668, 'severe_toxic': 0.00011653433466563001, 'threat': 0.00011579052807064727}",0.0006612105062231421,0.0006612105062231421,Low
"Did you even go on Hawthorne, or only Yelp it? What is this? The only thing to do is go to Float On? Seriously? I am very sorry for you.",0.0,0.0,0.0,0.0,0.0,0.0,0.0,"{'toxic': 0.00883761327713728, 'insult': 0.0005455968785099685, 'obscene': 0.0004932646988891065, 'identity_hate': 0.00020977944950573146, 'threat': 0.0001742141175782308, 'severe_toxic': 0.00010779279546113685}",0.00883761327713728,0.00883761327713728,Low
"Has anyone in LDS leadership expressed their denial of support for the terrorists or called them out on the seditious, illegal actions???? NO! So could the cult be supporting that action of the Bundy clan and their minions?",0.0,0.0,0.0,0.0,0.0,0.0,0.0,"{'toxic': 0.008290104568004608, 'insult': 0.0003719911619555205, 'obscene': 0.00033638454624451697, 'identity_hate': 0.0002682763442862779, 'threat': 0.00015896797413006425, 'severe_toxic': 9.384410077473149e-05}",0.008290104568004608,0.008290104568004608,Low
"I think Wweek is in a strange spot with that.  Their comments can be active, but they're nowhere near as busy as say, OregonLive.  Forcing the writers or other staff to monitor comments might be overkill.

I definitely get a newspaper not wanting outsiders handling that, for fear of confusion and accusations of bias.  It seems like every OregonLive comment thread has accusations of bias due to deleted posts despite repeated insistence that comment moderation is not handled in-house.

I've also seen several communities where conforming to the political view is more of a metric for desirability than anything to do with tone or actual content, and mods reinforced that.  The results of volunteers may....vary, to be polite.",0.0,0.0,0.0,0.0,0.0,0.0,0.0,"{'toxic': 0.000690144719555974, 'obscene': 0.00018009752966463566, 'insult': 0.00017678305448498577, 'identity_hate': 0.00014146043395157903, 'threat': 0.00012323277769610286, 'severe_toxic': 0.00011662637552944943}",0.000690144719555974,0.000690144719555974,Low
"I saw @christa_m mention this a little below, but I'm curious how the system combats the echo chamber effect, especially on contentious issues?

I can imagine many stories where opinions which run against the (Portland) mainstream are viewed as inherently uncivil, such as supporting Trump's position on...well pretty much anyone that isn't white, or say supporting the Kleins in the Sweet Cakes by Melissa saga.  How do you convince people that an opinion which is to some degree derived from some form of prejudice is still ""civil"" and deserving of at least being heard?",0.16666667,0.0,0.0,0.0,0.16666667,0.16666667,0.0,"{'toxic': 0.0005684983334504068, 'obscene': 0.00018873537192121148, 'insult': 0.0001752333773765713, 'identity_hate': 0.0001452107389923185, 'severe_toxic': 0.00012699083890765905, 'threat': 0.00012091257667634636}",0.0005684983334504068,0.0005684983334504068,Low
"Get rid of the ""more messages"". Especially within a thread.",0.0,0.0,0.0,0.0,0.0,0.0,0.0,"{'toxic': 0.001588973798789084, 'obscene': 0.0002030177420238033, 'insult': 0.000190282822586596, 'identity_hate': 0.00015033601084724069, 'threat': 0.00011626706691458821, 'severe_toxic': 9.926067286869511e-05}",0.001588973798789084,0.001588973798789084,Low
"If they offered a Gluten Free Crust we would be impressed, but when we asked about it, they were pretty dismissive of the idea.  Thanks Papa Murphy's down the street and Pizzicato in Hillsdale for GF options. We'll stick with them.",0.0,0.0,0.0,0.0,0.0,0.0,0.0,"{'toxic': 0.004167736507952213, 'obscene': 0.00046398924314416945, 'insult': 0.00037175152101553977, 'identity_hate': 0.00022567225096281618, 'threat': 0.00012261646043043584, 'severe_toxic': 0.00011265086504863575}",0.004167736507952213,0.004167736507952213,Low
"Happy to see that the folks ""in the room"" are themselves  from varying backgrounds. .",0.0,0.0,0.0,0.0,0.0,0.0,0.0,"{'toxic': 0.0005497573874890804, 'obscene': 0.00019910965056624264, 'insult': 0.0001838565949583426, 'identity_hate': 0.00014550640480592847, 'severe_toxic': 0.00013784534530714154, 'threat': 0.00013318346464075148}",0.0005497573874890804,0.0005497573874890804,Low
"Hopefully there will be enough commenters who are honestly here to have a civil discussion to allow civil comments that challenge conventional wisdom. The posts that challenge conventional wisdom yet aren't civil won't hit the thread, and, sure, some folks will always try and scam the system by not allowing comments that they disagree with thru, but I wouldn't be surprised if many of the folks that take that approach when reviewing comments are the same ones who are having comments denied for being uncivil.  If that's the case it may be somewhat of a self-correcting problem, where they become bored with not having any comments post and go elsewhere.  I'm just speculating however only time will tell. I also would not be surprised if I was totally off base on all of this.",0.0,0.0,0.0,0.0,0.0,0.0,0.0,"{'toxic': 0.000612248491961509, 'obscene': 0.0001860479242168367, 'insult': 0.00017653174290899187, 'identity_hate': 0.00014118070248514414, 'threat': 0.00013083565863780677, 'severe_toxic': 0.00012447104381863028}",0.000612248491961509,0.000612248491961509,Low
Nice. :) Although it's a shame the resolution on the files make some of the lettering tough to read. I'm not sure what the last word in the lower right strip is. I like the design of the 2000s guy in the third strip. That's a guy who grew up watching Kevin Smith movies.,0.16666667,0.0,0.0,0.0,0.0,0.0,0.0,"{'toxic': 0.0008931047632358968, 'obscene': 0.00018628916586749256, 'insult': 0.000182172647328116, 'identity_hate': 0.0001416354934917763, 'severe_toxic': 0.00010510192805668339, 'threat': 0.00010504812962608412}",0.0008931047632358968,0.0008931047632358968,Low
"If it is effective in slowing us down in order to reflect upon how we engage with others and draws attention to the humanity of each recipient, then I approve.",0.0,0.0,0.0,0.0,0.0,0.0,0.0,"{'toxic': 0.0005707504460588098, 'insult': 0.00017797779582906514, 'obscene': 0.00017593619122635573, 'identity_hate': 0.0001528024295112118, 'threat': 0.0001478456542827189, 'severe_toxic': 0.00013370120723266155}",0.0005707504460588098,0.0005707504460588098,Low
"Hi David, we did consider all of these possibilities when building our system! In fact, we assume people will try to game it; that's why we have a lot going on behind the scenes algorithmically. The commenter-facing part of the app is very straightforward, but there are a lot of checks and balances on the backend to prevent coordinated attacks and also to keep comments sections from becoming echo chambers. Banning insulting words isn't enough, unfortunately; people will always be smarter than word filters, even if the algorithm tries to take context into account. We do have a backup algorithm for low-volume situations that basically does this (plus a few other things), but it's not as effective as human reviewers.

I hear you on the ""more replies"" button; I don't think we'll remove it entirely, but I agree it's appearing too often, after too few comments. We'll be pushing updates very soon!",0.0,0.0,0.0,0.0,0.0,0.0,0.0,"{'toxic': 0.0006335267680697143, 'obscene': 0.0001785948988981545, 'insult': 0.00017612149531487375, 'identity_hate': 0.00014531852502841502, 'threat': 0.00012680630607064813, 'severe_toxic': 0.0001218258184962906}",0.0006335267680697143,0.0006335267680697143,Low
But *I* want to be MrWhiskers!,0.0,0.0,0.0,0.0,0.0,0.0,0.0,"{'toxic': 0.6042060256004333, 'obscene': 0.27966979146003723, 'insult': 0.02827146276831627, 'severe_toxic': 0.0025546180550009012, 'identity_hate': 0.002403161721304059, 'threat': 0.001109569100663066}",0.6042060256004333,0.6042060256004333,Medium
"I'm so glad Portland Development Commission, Kate Brown, and Business Oregon are taking direct action to correct the gap in participation! I think Elevate is going to do great things over the next five years. The Portland startup scene has the chance to set itself apart here, and this is definitely a step in the right direction! Very cool.",0.0,0.0,0.0,0.0,0.0,0.0,0.0,"{'toxic': 0.0005853745387867093, 'obscene': 0.00018048258789349347, 'insult': 0.00017740852490533143, 'identity_hate': 0.00014510389883071184, 'threat': 0.00013502637739293277, 'severe_toxic': 0.0001261170400539413}",0.0005853745387867093,0.0005853745387867093,Low
"Sorry, Rod, you'll have to be Mr_Whiskers or MrWhiskers1. Gotta act fast on those usernames! Cat Enthusiast Digest is no place to dilly-dally.",0.0,0.0,0.0,0.0,0.0,0.0,0.0,"{'toxic': 0.0900702103972435, 'insult': 0.008707032538950443, 'obscene': 0.0049268403090536594, 'identity_hate': 0.0009675250621512532, 'threat': 0.0003504342457745224, 'severe_toxic': 0.00022527581313624978}",0.0900702103972435,0.0900702103972435,Low
