month,topic_id,mention_count,previous_count,growth,volume_norm,growth_norm,trend_score,topic_name,average_toxicity,average_insult,average_threat,trend_norm,toxicity_norm,combined_score
2025-06,0,423,,423.0,1.0,1.0,1.0,0_the_he_trump_and,0.17173698167569812,0.06706706635359769,0.00217823579298989,1.0,0.4753700123549969,0.7901480049419988
2025-06,1,417,,417.0,0.9851116625310175,0.9851485148514851,0.9851264034592045,1_you_bitcoin_it_is,0.10897657692424587,0.0343671441761463,0.0008004780046395317,0.9851264034592045,0.29527845185404666,0.7091872228171413
2025-06,2,304,,304.0,0.7047146401985112,0.7054455445544554,0.7050070019408888,2_iran_israel_the_nuclear,0.10890385190922595,0.023162755133853352,0.004057351278740833,0.7050070019408888,0.2950697667524407,0.5410321078655096
2025-06,26,26,,26.0,0.014888337468982632,0.017326732673267328,0.01586369555069651,26_racist_people_black_matter,0.3545661507814657,0.16034537760368459,0.0022091476454918916,0.01586369555069651,1.0,0.40951821733041793
2025-06,19,48,1.0,47.0,0.06947890818858561,0.06930693069306931,0.0694101171903791,19_my_nyuk_pillows_water,0.3047829340758486,0.07827972026532326,0.0017210582757668038,0.0694101171903791,0.8571466003322088,0.384504710447111
2025-06,4,178,,178.0,0.39205955334987597,0.3935643564356436,0.392661474584183,4_the_they_to_and,0.13386829344168558,0.04450428927292082,0.009649113100831426,0.392661474584183,0.36670546206734944,0.38227906957744956
2025-06,7,122,,122.0,0.25310173697270477,0.25495049504950495,0.25384124020342486,7_he_his_chocopro_the,0.20205069386989993,0.08821354492292663,0.003028775018794447,0.25384124020342486,0.5623554891894841,0.37724693979784857
2025-06,6,146,,146.0,0.3126550868486352,0.31435643564356436,0.31333562636660683,6_what_lmao_lol_you,0.1304755371410004,0.03985792308908645,0.001190542431599269,0.31333562636660683,0.3569699165588466,0.3307893424435027
2025-06,3,177,1.0,176.0,0.38957816377171217,0.3886138613861386,0.3891924428174828,3_it_the_and_to,0.06983429625050919,0.016338961942054676,0.0004477666666338173,0.3891924428174828,0.1829593163096523,0.30669919221435055
2025-06,12,77,,77.0,0.141439205955335,0.14356435643564358,0.14228926614745843,12_he_she_him_me,0.19633659003710666,0.05916886644490069,0.0017315729636685354,0.14228926614745843,0.5459588155193961,0.3037570858962335
2025-06,11,88,,88.0,0.1687344913151365,0.17079207920792078,0.1695575264722502,11_russia_ukraine_putin_russian,0.14582725036532132,0.05928514513785062,0.010358742347472633,0.1695575264722502,0.4010217993005214,0.2621432356035587
2025-06,10,89,,89.0,0.17121588089330025,0.17326732673267325,0.17203645922904945,10_war_the_japan_to,0.14082230684501798,0.046198391057505124,0.007286957195656521,0.17203645922904945,0.3866600676902789,0.2578859026135412
2025-06,5,153,,153.0,0.33002481389578164,0.3316831683168317,0.3306881556642016,5_the_and_game_for,0.05472500053625493,0.008159179174458438,0.0007341708526189525,0.3306881556642016,0.13960305284980895,0.25425411453844454
2025-06,24,33,,33.0,0.03225806451612903,0.034653465346534656,0.03321622484829128,24_musk_ceo_money_in,0.17588849785159144,0.09491994317795616,0.0036973656249095006,0.03321622484829128,0.4872828263262016,0.2148428654394554
2025-06,8,115,,115.0,0.2357320099255583,0.23762376237623767,0.23648871090583004,8_you_and_it_keto,0.06561178227775204,0.005848946540525345,0.000333421464386882,0.23648871090583004,0.17084277350527682,0.21023033594560875
2025-06,9,108,3.0,105.0,0.2183622828784119,0.2128712871287129,0.2161658845785323,9_the_launch_they_may,0.06514502952104038,0.02085970021708069,0.0009716123637930795,0.2161658845785323,0.16950342216334052,0.1975008996124556
2025-06,15,67,,67.0,0.11662531017369726,0.11881188118811882,0.11749993857946589,15_weeks_week_two_infrastructure,0.11568758994646704,0.018880935993528605,0.00143126330647701,0.11749993857946589,0.31453576564130425,0.19631426940420124
2025-06,14,70,,70.0,0.12406947890818859,0.12623762376237624,0.12493673684986364,14_please_automatically_subreddit_moderators,0.06292523372352922,0.019212772483712927,0.00038079549319393536,0.12493673684986364,0.163133697641161,0.14021552116638258
2025-06,28,20,1.0,19.0,0.0,0.0,0.0,28_bots_media_social_bot,0.12777375559865808,0.038935023131974354,0.0005310555057977105,0.0,0.3492171294947728,0.13968685179790913
2025-06,20,47,,47.0,0.06699751861042184,0.06930693069306931,0.06792128344348083,20_game_win_pacers_dub,0.09097860051576603,0.033531199972283966,0.00032419324657468603,0.06792128344348083,0.24363309248935242,0.13820600706182948
2025-06,13,72,,72.0,0.12903225806451613,0.1311881188118812,0.12989460236346215,13_comics_the_first_series,0.056830996787337225,0.017822359542454553,0.00021837385136475658,0.12989460236346215,0.14564622852352518,0.13619525282748737
2025-06,18,52,,52.0,0.0794044665012407,0.08168316831683169,0.08031594722747709,18_ev_charge_solar_hummer,0.08054341891637215,0.017464593771504812,0.00028635129106428044,0.08031594722747709,0.21368924260839448,0.13366526537984405
2025-06,22,37,,37.0,0.04218362282878413,0.04455445544554455,0.04313195587548829,22_china_chinese_eu_taiwan,0.08792216938958075,0.054982548998432815,0.0017675346625273469,0.04313195587548829,0.23486263517222292,0.11982422759418215
2025-06,17,56,1.0,55.0,0.08933002481389579,0.08910891089108912,0.08924157924477312,17_ai_to_brain_it,0.06267755527433269,0.006354053509615672,0.00025366244555794095,0.08924157924477312,0.16242298204595565,0.11851414036524613
2025-06,25,33,,33.0,0.03225806451612903,0.034653465346534656,0.03321622484829128,25_vegan_you_animal_and,0.08777842026690698,0.02936556682548006,0.0003465423684577796,0.03321622484829128,0.23445014573839143,0.11370979320433133
2025-06,16,59,,59.0,0.0967741935483871,0.099009900990099,0.09766847652507185,16_india_pakistan_indian_canada,0.030751798187493014,0.0024242434249618643,0.005070455837871492,0.09766847652507185,0.07081172751831204,0.08692577692236793
2025-06,21,38,,38.0,0.044665012406947896,0.04702970297029703,0.04561088863228755,21_ign_monopoly_download_play,0.01708008034467256,0.0007871261420261458,0.00021051003626014695,0.04561088863228755,0.03158060702453851,0.03999877598918793
2025-06,23,34,,34.0,0.03473945409429281,0.037128712871287134,0.03569515760509054,23_thanks_thank_nice_wishes,0.006074502550558571,0.0003037280437317403,0.00013701721335939297,0.03569515760509054,0.0,0.021417094563054323
2025-06,27,23,1.0,22.0,0.007444168734491316,0.007425742574257425,0.007436798270397759,27_giphy_gif_pew_downsized,0.009004606387558548,0.00036564342796433874,0.00014566032617343203,0.007436798270397759,0.008407959995237874,0.007825262960333805
